{"cameraMode":{"drawMode":0,"name":"Shaded","section":"Shading Mode"},"sceneLighting":true,"audioPlay":false,"sceneViewState":{"showFog":true,"showMaterialUpdate":false,"showSkybox":true,"showFlares":true,"showImageEffects":true,"showParticleSystems":true},"in2DMode":false,"pivot":{"x":-11.976186752319336,"y":-12.654444694519043,"z":28.969898223876954},"rotation":{"x":0.2901381552219391,"y":-0.4950641691684723,"z":0.17976714670658112,"w":0.7990370392799377},"size":25.173110961914064,"orthographic":false}