{"cameraMode":{"drawMode":0,"name":"Shaded","section":"Shading Mode"},"sceneLighting":false,"audioPlay":false,"sceneViewState":{"showFog":true,"showMaterialUpdate":false,"showSkybox":false,"showFlares":true,"showImageEffects":true,"showParticleSystems":true},"in2DMode":false,"pivot":{"x":40.42401885986328,"y":20.31017303466797,"z":37.5711669921875},"rotation":{"x":-0.24737384915351869,"y":0.281779944896698,"z":-0.07680544257164002,"w":-0.9242894053459168},"size":7.9334211349487309,"orthographic":false}