{"cameraMode":{"drawMode":0,"name":"Shaded","section":"Shading Mode"},"sceneLighting":false,"audioPlay":false,"sceneViewState":{"showFog":true,"showMaterialUpdate":false,"showSkybox":false,"showFlares":true,"showImageEffects":true,"showParticleSystems":true},"in2DMode":false,"pivot":{"x":-15.63086986541748,"y":-19.83806610107422,"z":-0.08553873002529144},"rotation":{"x":-0.287907212972641,"y":0.41238102316856387,"z":-0.1391812413930893,"w":-0.8530480265617371},"size":3.5865116119384767,"orthographic":true}