{"cameraMode":{"drawMode":0,"name":"Shaded","section":"Shading Mode"},"sceneLighting":true,"audioPlay":false,"sceneViewState":{"showFog":true,"showMaterialUpdate":false,"showSkybox":true,"showFlares":true,"showImageEffects":true,"showParticleSystems":true},"in2DMode":false,"pivot":{"x":-133.49876403808595,"y":-175.0055389404297,"z":50.12942886352539},"rotation":{"x":0.3263678550720215,"y":-0.5715437531471252,"z":0.26686468720436098,"w":0.7045667171478272},"size":137.33285522460938,"orthographic":false}